{
    "explained_variance": [
        0.27991050481796265,
        0.1918020248413086,
        0.08399592339992523,
        0.05807280167937279,
        0.05166115611791611,
        0.040441762655973434
    ],
    "cumulative_variance": [
        0.27991050481796265,
        0.47171252965927124,
        0.5557084679603577,
        0.6137812733650208,
        0.6654424071311951,
        0.7058841586112976
    ]
}