{
    "explained_variance": [
        0.22687792778015137,
        0.13195456564426422,
        0.09653662890195847,
        0.07716214656829834,
        0.06117287278175354,
        0.03824674338102341
    ],
    "cumulative_variance": [
        0.22687792778015137,
        0.3588324785232544,
        0.45536911487579346,
        0.5325312614440918,
        0.5937041640281677,
        0.631950855255127
    ]
}