{
    "tracked_losses_train": [
        0.7939079403877258,
        0.703783392906189,
        0.5779305696487427,
        0.49249184131622314,
        0.422844797372818,
        0.3641676604747772,
        0.3256799876689911,
        0.2918929159641266,
        0.2612714171409607,
        0.23877428472042084,
        0.22006158530712128,
        0.20104821026325226,
        0.18542268872261047,
        0.17183686792850494,
        0.16027861833572388,
        0.14997777342796326,
        0.1426972895860672,
        0.13423340022563934,
        0.1271509826183319,
        0.1208190992474556,
        0.11598151177167892,
        0.11163795739412308,
        0.10685472190380096,
        0.10314249992370605,
        0.09955454617738724,
        0.09617253392934799,
        0.09339526295661926,
        0.09094236046075821,
        0.09155874699354172,
        0.08565189689397812,
        0.0835399255156517,
        0.08047934621572495,
        0.078846275806427,
        0.07747503370046616,
        0.07607047259807587,
        0.07437746971845627,
        0.07362432032823563,
        0.072955422103405,
        0.07282724231481552,
        0.07207635045051575,
        0.07158727198839188,
        0.07331782579421997,
        0.07514034956693649,
        0.07631360739469528,
        0.07064017653465271,
        0.06616866588592529,
        0.06407151371240616,
        0.0627719983458519,
        0.06285041570663452,
        0.06182897835969925,
        0.06150282919406891,
        0.06128019466996193,
        0.060830119997262955,
        0.06002984568476677,
        0.05977427214384079,
        0.05743008479475975,
        0.0557464063167572,
        0.05410110950469971,
        0.05295111611485481,
        0.05349108576774597
    ],
    "tracked_losses_test": [
        0.7701005935668945,
        0.6870501041412354,
        0.5716851353645325,
        0.49401840567588806,
        0.42756837606430054,
        0.3742794990539551,
        0.34112077951431274,
        0.31173717975616455,
        0.28480395674705505,
        0.26557374000549316,
        0.25021544098854065,
        0.23365576565265656,
        0.2201753705739975,
        0.2085614651441574,
        0.1987496018409729,
        0.19005484879016876,
        0.18406273424625397,
        0.17714764177799225,
        0.17056407034397125,
        0.1651161164045334,
        0.16097651422023773,
        0.15743979811668396,
        0.15321899950504303,
        0.1503155529499054,
        0.14693915843963623,
        0.1438489705324173,
        0.141237273812294,
        0.13904902338981628,
        0.13995623588562012,
        0.13484308123588562,
        0.13305985927581787,
        0.1303354799747467,
        0.1286991983652115,
        0.12761090695858002,
        0.12646736204624176,
        0.12485545873641968,
        0.12407907843589783,
        0.12352320551872253,
        0.1235850527882576,
        0.12289565801620483,
        0.12262920290231705,
        0.12406224757432938,
        0.12576596438884735,
        0.12781892716884613,
        0.12318099290132523,
        0.11916054785251617,
        0.11746327579021454,
        0.11651509255170822,
        0.11680302023887634,
        0.11561434715986252,
        0.11558976024389267,
        0.11528576165437698,
        0.11506976932287216,
        0.11446673423051834,
        0.114104263484478,
        0.11208447068929672,
        0.11066923290491104,
        0.10949854552745819,
        0.10840525478124619,
        0.10865433514118195
    ],
    "cell_acc": 0.9743851517595532,
    "perfect": 0.607303651825913,
    "cell_acc_by_type": [
        0.9917538978844345,
        0.9633777958795777,
        0.9629753727592562,
        -1,
        -1,
        -1,
        -1,
        -1,
        0.4255663430420712,
        -1,
        -1
    ],
    "cell_prec_by_type": [
        0.9887853451200287,
        0.9823152794601142,
        0.9617937419822634,
        0.0,
        0.0,
        0.0,
        0.0,
        0.0,
        0.9776951672862454,
        0.0,
        0.0
    ]
}