{
    "tracked_losses_train": [
        0.015757765620946884,
        0.015757860615849495,
        0.015758570283651352,
        0.015757935121655464,
        0.01575773023068905,
        0.015758607536554337,
        0.015759222209453583,
        0.015758302062749863,
        0.015757279470562935,
        0.015757624059915543,
        0.015758410096168518,
        0.015757638961076736,
        0.015757188200950623,
        0.015757497400045395,
        0.01575794816017151,
        0.015757935121655464,
        0.01575818657875061,
        0.01575656421482563,
        0.015757249668240547,
        0.015757936984300613,
        0.015757020562887192,
        0.015758613124489784,
        0.01575700007379055,
        0.015758246183395386,
        0.015758207067847252,
        0.015758952125906944,
        0.015759391710162163,
        0.015757309272885323,
        0.015757663175463676,
        0.015758246183395386,
        0.015757529065012932,
        0.015757720917463303,
        0.015757907181978226,
        0.015759453177452087,
        0.015757279470562935,
        0.015756705775856972,
        0.01575707457959652,
        0.015758128836750984,
        0.015757864341139793,
        0.015757987275719643,
        0.015757722780108452,
        0.015757611021399498,
        0.015757707878947258,
        0.015757491812109947,
        0.01575860194861889,
        0.015758253633975983,
        0.01575719565153122,
        0.01575852371752262,
        0.01575891673564911,
        0.015758095309138298,
        0.015757007524371147,
        0.015756940469145775,
        0.01575770042836666,
        0.015758754685521126,
        0.015757525339722633,
        0.015757733955979347,
        0.01575753092765808,
        0.015756908804178238,
        0.01575804129242897,
        0.01575739122927189
    ],
    "tracked_losses_test": [
        0.015316793695092201,
        0.01531699113547802,
        0.015315338037908077,
        0.015321477316319942,
        0.015316194854676723,
        0.015318249352276325,
        0.015318243764340878,
        0.015320230275392532,
        0.015314103104174137,
        0.015317793935537338,
        0.01531628705561161,
        0.015316092409193516,
        0.015314500778913498,
        0.015318845398724079,
        0.015316707082092762,
        0.015318100340664387,
        0.015314635820686817,
        0.015315879136323929,
        0.015316242352128029,
        0.01531919278204441,
        0.015314971096813679,
        0.015318418852984905,
        0.015317991375923157,
        0.0153211560100317,
        0.015316929668188095,
        0.015321378596127033,
        0.015316714532673359,
        0.015318753197789192,
        0.015319823287427425,
        0.015318595804274082,
        0.015315931290388107,
        0.015317308716475964,
        0.01531895250082016,
        0.015317261219024658,
        0.01531950943171978,
        0.015324614942073822,
        0.015317946672439575,
        0.015317002311348915,
        0.015318752266466618,
        0.015323258005082607,
        0.01531910803169012,
        0.015318542718887329,
        0.015324338339269161,
        0.015320247039198875,
        0.015317552722990513,
        0.015316036529839039,
        0.01531506422907114,
        0.01531947497278452,
        0.015317213721573353,
        0.015317995101213455,
        0.01531496737152338,
        0.015317202545702457,
        0.01531719509512186,
        0.015320208854973316,
        0.015319934114813805,
        0.01531869824975729,
        0.015318061225116253,
        0.015313549898564816,
        0.015317696146667004,
        0.015319421887397766
    ],
    "cell_acc": 0.404385866402589,
    "perfect": 0.0,
    "cell_acc_by_type": [
        0.7181314172487641,
        0.12656552285917932,
        5.584408331937851e-05,
        -1,
        -1,
        -1,
        -1,
        -1,
        0.0,
        -1,
        -1
    ],
    "cell_prec_by_type": [
        0.49586776859504134,
        0.30307217165149547,
        0.33333333333333337,
        0.0,
        -1,
        -1,
        -1,
        -1,
        0.0,
        0.0,
        0.0
    ]
}