{
    "tracked_losses_train": [
        0.007885484956204891,
        0.005927080288529396,
        0.004773637279868126,
        0.004086702596396208,
        0.0036126316990703344,
        0.0032235998660326004,
        0.0029080426320433617,
        0.002642299048602581,
        0.0024192144628614187,
        0.0022036812733858824,
        0.002027308102697134,
        0.0018646406242623925,
        0.0017422620439901948,
        0.0016289587365463376,
        0.001542324898764491,
        0.0014574845554307103,
        0.0013806107454001904,
        0.0013151904568076134,
        0.0012613789876922965,
        0.0012230538995936513,
        0.0011794677702710032,
        0.0011405881959944963,
        0.0011122137075290084,
        0.0010834226850420237,
        0.0010489305714145303,
        0.0010194048518314958,
        0.0009957206202670932,
        0.000973242858890444,
        0.0009571768459863961,
        0.0009431425714865327,
        0.000921399740036577,
        0.0009024423197843134,
        0.0008963429136201739,
        0.0008742600912228227,
        0.0008583806338720024,
        0.000840630498714745,
        0.0008359457715414464,
        0.000816536892671138,
        0.0008062381530180573,
        0.000806848518550396,
        0.0007951648440212011,
        0.0007927577826194465,
        0.0007858230965211987,
        0.00077673583291471,
        0.0007649856270290911,
        0.000770151149481535,
        0.0007566435378976166,
        0.0007571206660941243,
        0.0007542076054960489,
        0.000744159216992557,
        0.0007433578721247613,
        0.0007402239134535193,
        0.0007424455834552646,
        0.0007369703962467611,
        0.000739610695745796,
        0.0007154745399020612,
        0.0007020168122835457,
        0.0006873137317597866,
        0.0006766029982827604,
        0.000669953238684684
    ],
    "tracked_losses_test": [
        0.007646668236702681,
        0.00583466375246644,
        0.004773793742060661,
        0.004155348055064678,
        0.0037130562122911215,
        0.003365893382579088,
        0.0030923306476324797,
        0.002864062786102295,
        0.002674759365618229,
        0.0024911959189921618,
        0.0023217645939439535,
        0.0021773751359432936,
        0.0020684408955276012,
        0.001972823403775692,
        0.0018967861542478204,
        0.0018224151572212577,
        0.0017632980598136783,
        0.0017050618771463633,
        0.001660241512581706,
        0.0016268049366772175,
        0.0015924026956781745,
        0.001560752047225833,
        0.0015354916686192155,
        0.0015101557364687324,
        0.0014783224323764443,
        0.0014571462525054812,
        0.0014314017025753856,
        0.0014146806206554174,
        0.0014045877614989877,
        0.0013888576067984104,
        0.0013728400226682425,
        0.0013586360728368163,
        0.001349811558611691,
        0.0013300286373123527,
        0.0013138173380866647,
        0.0012992356205359101,
        0.001295228605158627,
        0.0012783658457919955,
        0.0012692880118265748,
        0.0012686543632298708,
        0.001259324373677373,
        0.0012582611525431275,
        0.0012575319269672036,
        0.001242607831954956,
        0.001234986586496234,
        0.0012380752013996243,
        0.001226467895321548,
        0.0012302696704864502,
        0.0012204013764858246,
        0.00121271051466465,
        0.0012146381195634604,
        0.0012122519547119737,
        0.0012239156058058143,
        0.0012052776291966438,
        0.0012088797520846128,
        0.0012017753906548023,
        0.0011801999062299728,
        0.0011691987747326493,
        0.0011586819309741259,
        0.001160050742328167
    ],
    "cell_acc": 0.9783769435738278,
    "perfect": 0.6483241620810405,
    "cell_acc_by_type": [
        0.9925344755118788,
        0.9677561687540305,
        0.9733623722566594,
        -1,
        -1,
        -1,
        -1,
        -1,
        0.4854368932038835,
        -1,
        -1
    ],
    "cell_prec_by_type": [
        0.9892082743212782,
        0.9865748590014186,
        0.9720053535578853,
        0.0,
        0.0,
        0.0,
        0.0,
        0.0,
        0.9803921568627451,
        -1,
        0.0
    ]
}