{
    "tracked_losses_train": [
        0.007885836996138096,
        0.006242714822292328,
        0.005500640254467726,
        0.0046947724185884,
        0.0040178559720516205,
        0.0035796614829450846,
        0.00329499295912683,
        0.0030556535348296165,
        0.0028298089746385813,
        0.0025877549778670073,
        0.002399256220087409,
        0.0022175784688442945,
        0.002070892369374633,
        0.0019342186860740185,
        0.0018276526825502515,
        0.0017328686080873013,
        0.0016188460867851973,
        0.0015503413742408156,
        0.0014679402811452746,
        0.0013978948118165135,
        0.001332163461484015,
        0.0012877034023404121,
        0.001241224817931652,
        0.0012092887191101909,
        0.0011726850643754005,
        0.0011402249801903963,
        0.001105131465010345,
        0.0010958007769659162,
        0.0010783463949337602,
        0.0011143209412693977,
        0.0010296042310073972,
        0.0009683559183031321,
        0.0009522269247099757,
        0.0009313712944276631,
        0.0009230732684955001,
        0.0009038688149303198,
        0.000884250330273062,
        0.0008748638210818172,
        0.0008522404823452234,
        0.0008439176017418504,
        0.0008311967249028385,
        0.0008208854706026614,
        0.0008031908655539155,
        0.0007917078328318894,
        0.0007896899478510022,
        0.0007785267080180347,
        0.0007733227103017271,
        0.0007711858488619328,
        0.0007647104794159532,
        0.0007602510740980506,
        0.0007629526662640274,
        0.0007557775243185461,
        0.0007435440202243626,
        0.0007289263303391635,
        0.0007274302770383656,
        0.000707860745023936,
        0.0007033831789158285,
        0.0006983494968153536,
        0.0006820909911766648,
        0.0006787473685108125
    ],
    "tracked_losses_test": [
        0.0076651922427117825,
        0.0061080725863575935,
        0.005432835314422846,
        0.004677840042859316,
        0.004083686042577028,
        0.00370017159730196,
        0.0034513683058321476,
        0.0032533530611544847,
        0.0030572025571018457,
        0.002847835188731551,
        0.002678522141650319,
        0.0025165616534650326,
        0.0023943514097481966,
        0.002266880124807358,
        0.002170890336856246,
        0.002094350755214691,
        0.0019934067968279123,
        0.001938964007422328,
        0.001862261793576181,
        0.0017999460687860847,
        0.0017463912954553962,
        0.0017129996558651328,
        0.0016716448590159416,
        0.0016413588309660554,
        0.0016123245004564524,
        0.0015847206814214587,
        0.0015515798004344106,
        0.0015443942975252867,
        0.0015247903065755963,
        0.0015632695285603404,
        0.0014863625401630998,
        0.0014351143036037683,
        0.0014233265537768602,
        0.001399728120304644,
        0.0014065593713894486,
        0.0013904202496632934,
        0.0013720834394916892,
        0.0013679777039214969,
        0.0013493859441950917,
        0.0013403601478785276,
        0.0013252986827865243,
        0.001317033194936812,
        0.0013025614898651838,
        0.0012865376193076372,
        0.0012890880461782217,
        0.0012822166318073869,
        0.0012741205282509327,
        0.0012737851357087493,
        0.0012658672640100121,
        0.0012627707328647375,
        0.0012671318836510181,
        0.0012627921532839537,
        0.0012520033633336425,
        0.001241141464561224,
        0.0012405139859765768,
        0.0012274817563593388,
        0.0012240363284945488,
        0.001217999029904604,
        0.0012056753039360046,
        0.0012043765746057034
    ],
    "cell_acc": 0.9741911772212637,
    "perfect": 0.5947973986993497,
    "cell_acc_by_type": [
        0.9916338090186738,
        0.9634456776295693,
        0.9614675825096332,
        -1,
        -1,
        -1,
        -1,
        -1,
        0.4449838187702265,
        -1,
        -1
    ],
    "cell_prec_by_type": [
        0.9890998382943044,
        0.980382675968778,
        0.9641057229252996,
        0.0,
        0.0,
        0.0,
        0.0,
        0.0,
        0.9786476868327402,
        0.0,
        0.0
    ]
}