{
    "tracked_losses_train": [
        0.007117914035916328,
        0.004838469438254833,
        0.0038252410013228655,
        0.0031641756650060415,
        0.002733815461397171,
        0.0024192535784095526,
        0.002181319985538721,
        0.0019959111232310534,
        0.0018480655271559954,
        0.0017208472127094865,
        0.0016212777700275183,
        0.0015359605895355344,
        0.0014638227876275778,
        0.001408240059390664,
        0.0013591545866802335,
        0.0013173205079510808,
        0.0012801074190065265,
        0.0012419781414791942,
        0.0012110731331631541,
        0.0011934429639950395,
        0.0011735563166439533,
        0.0011523537104949355,
        0.001133884652517736,
        0.0011167371412739158,
        0.0011089385952800512,
        0.001099552377127111,
        0.001091826823540032,
        0.0010869611287489533,
        0.0010837741428986192,
        0.0010739046847447753,
        0.0010735738324001431,
        0.0010712109506130219,
        0.001065797288902104,
        0.0010592069011181593,
        0.0010500712087377906,
        0.0010415001306682825,
        0.0010371309472247958,
        0.0010302497539669275,
        0.0010259044356644154,
        0.0010263430885970592,
        0.0010225261794403195,
        0.0010242938296869397,
        0.0010242457501590252,
        0.0010195879731327295,
        0.001016278751194477,
        0.0010018281172960997,
        0.0009805461158975959,
        0.0009658435010351241,
        0.0009627697872929275,
        0.0009600618504919112,
        0.0009530684910714626,
        0.0009520689491182566,
        0.0009456133120693266,
        0.0009422198636457324,
        0.0009413299267180264,
        0.0009347994928248227,
        0.000936111668124795,
        0.0009338127565570176,
        0.0009324481943622231,
        0.0009309140732511878
    ],
    "tracked_losses_test": [
        0.006942981854081154,
        0.004821819253265858,
        0.0038982704281806946,
        0.0033041266724467278,
        0.002921606879681349,
        0.0026465507689863443,
        0.002440823707729578,
        0.002277335152029991,
        0.0021455667447298765,
        0.0020332171116024256,
        0.0019470613915473223,
        0.0018713419558480382,
        0.0018074170220643282,
        0.0017575010424479842,
        0.0017137364484369755,
        0.001676741405390203,
        0.0016439191531389952,
        0.0016092427540570498,
        0.0015822924906387925,
        0.001567729515954852,
        0.001549658365547657,
        0.0015304849948734045,
        0.001512307790108025,
        0.0014962400309741497,
        0.0014900602400302887,
        0.001478791469708085,
        0.0014731393894180655,
        0.0014681242173537612,
        0.0014630838995799422,
        0.0014543809229508042,
        0.001452902564778924,
        0.001450197072699666,
        0.0014459679368883371,
        0.0014396448386833072,
        0.00142910226713866,
        0.0014207020867615938,
        0.0014169482747092843,
        0.0014106804737821221,
        0.0014061139663681388,
        0.0014065314317122102,
        0.001402821741066873,
        0.0014044697163626552,
        0.0014047259464859962,
        0.0014008836587890983,
        0.0013971487060189247,
        0.0013842006446793675,
        0.001364198629744351,
        0.0013485400704666972,
        0.0013448884710669518,
        0.0013425463112071157,
        0.001334804343059659,
        0.0013331490335986018,
        0.0013278399128466845,
        0.0013249751646071672,
        0.001323353499174118,
        0.0013166273711249232,
        0.0013186384458094835,
        0.0013153728796169162,
        0.0013142061652615666,
        0.0013128137215971947
    ],
    "cell_acc": 0.9797449745280804,
    "perfect": 0.6598299149574787,
    "cell_acc_by_type": [
        0.9935152012489242,
        0.9664324746291959,
        0.9786675601719997,
        -1,
        -1,
        -1,
        -1,
        -1,
        0.5323624595469256,
        -1,
        -1
    ],
    "cell_prec_by_type": [
        0.9901264610842941,
        0.989333240679615,
        0.9759968812653153,
        0.0,
        0.0,
        0.0,
        0.0,
        0.0,
        0.9791666666666666,
        -1,
        -1
    ]
}