{
    "explained_variance": [
        0.2016114741563797,
        0.08988825976848602,
        0.07543490827083588,
        0.06853069365024567,
        0.043709930032491684,
        0.0286739319562912
    ],
    "cumulative_variance": [
        0.2016114741563797,
        0.2914997339248657,
        0.3669346570968628,
        0.43546533584594727,
        0.47917526960372925,
        0.5078492164611816
    ]
}