{
    "tracked_losses_train": [
        0.05104596167802811,
        0.05104596167802811,
        0.05104596167802811,
        0.05104596167802811,
        0.05104596167802811,
        0.05104596167802811,
        0.05104596167802811,
        0.05104596167802811,
        0.05104596167802811,
        0.05104596167802811,
        0.05104596167802811,
        0.05104596167802811,
        0.05104596167802811,
        0.05104596167802811,
        0.05104596167802811,
        0.05104596167802811,
        0.05104596167802811,
        0.05104596167802811,
        0.05104596167802811,
        0.05104596167802811
    ],
    "tracked_losses_test": [
        0.0511372946202755,
        0.0511372946202755,
        0.0511372946202755,
        0.0511372946202755,
        0.0511372946202755,
        0.0511372946202755,
        0.0511372946202755,
        0.0511372946202755,
        0.0511372946202755,
        0.0511372946202755,
        0.0511372946202755,
        0.0511372946202755,
        0.0511372946202755,
        0.0511372946202755,
        0.0511372946202755,
        0.0511372946202755,
        0.0511372946202755,
        0.0511372946202755,
        0.0511372946202755,
        0.0511372946202755
    ],
    "cell_acc": 0.07460761630815405,
    "perfect": 0.0,
    "cell_acc_by_type": [
        -1,
        0.14035939062408098,
        0.0,
        -1,
        -1,
        -1,
        -1,
        -1,
        0.0,
        -1,
        0.0
    ],
    "cell_prec_by_type": [
        0.0,
        0.6701067115978658,
        -1,
        -1,
        -1,
        -1,
        -1,
        -1,
        -1,
        -1,
        0.0
    ],
    "num_agents_accuracy": 0.0,
    "agent_loc_accuracy": 1.0
}