{
    "tracked_losses_train": [
        0.01210813783109188,
        0.011957025155425072,
        0.01172088272869587,
        0.011148334480822086,
        0.010255014523863792,
        0.008903726004064083,
        0.006543468683958054,
        0.0037532669957727194,
        0.0015959669835865498,
        0.0006608194089494646,
        0.0003067166544497013,
        0.000150129635585472,
        9.069088991964236e-05,
        6.887789641041309e-05,
        7.355923298746347e-05,
        4.406685184221715e-05,
        3.96043760702014e-05,
        2.9303713745321147e-05,
        4.149826418142766e-05,
        3.326555815874599e-05
    ],
    "tracked_losses_test": [
        0.012287023477256298,
        0.0120902294293046,
        0.011894953437149525,
        0.011349644511938095,
        0.010523987002670765,
        0.009354677982628345,
        0.007205105386674404,
        0.00440989388152957,
        0.002195493783801794,
        0.0012423624284565449,
        0.0009313070331700146,
        0.0008102665888145566,
        0.0007546091801486909,
        0.000731439795345068,
        0.000743354728911072,
        0.0006965587963350117,
        0.0006879902211949229,
        0.0006738701486028731,
        0.0006902596214786172,
        0.0006751293549314141
    ],
    "cell_acc": 0.9967483741870935,
    "perfect": 0.9389694847423712,
    "cell_acc_by_type": [
        -1,
        0.9956179048291277,
        1.0,
        -1,
        -1,
        -1,
        -1,
        -1,
        0.998470168281489,
        -1,
        0.9424712356178089
    ],
    "cell_prec_by_type": [
        0.0,
        0.9992768061397683,
        0.9971140485267396,
        0.0,
        0.0,
        0.0,
        0.0,
        0.0,
        0.9959308240081384,
        0.0,
        0.9756602796478508
    ],
    "num_agents_accuracy": 0.9659829914957478,
    "agent_loc_accuracy": 0.9994997498749375
}