{
    "tracked_losses_train": [
        0.012032069265842438,
        0.011374016292393208,
        0.009756935760378838,
        0.007578382268548012,
        0.0047101774252951145,
        0.0020072502084076405,
        0.0005551079520955682,
        0.00014704819477628917,
        6.944916094653308e-05,
        3.962378468713723e-05,
        2.1971107344143093e-05,
        1.2950028576597106e-05,
        7.939993338368367e-06,
        5.019214313506382e-06,
        3.451663815212669e-06,
        2.2866640847496456e-06,
        1.7502068203611998e-06,
        1.834302224779094e-06,
        2.823902377713239e-06,
        2.8417762223398313e-06
    ],
    "tracked_losses_test": [
        0.01221557054668665,
        0.011563675478100777,
        0.009991848841309547,
        0.007955274544656277,
        0.005320089403539896,
        0.0026365965604782104,
        0.0011165511095896363,
        0.0007286578183993697,
        0.0006541027105413377,
        0.000627730623818934,
        0.0006123676430433989,
        0.0006059559527784586,
        0.0006016895058564842,
        0.0005991394282318652,
        0.0005974631058052182,
        0.0005967157194390893,
        0.0005961874849162996,
        0.0005956700770184398,
        0.0005961568676866591,
        0.0005968956393189728
    ],
    "cell_acc": 0.9992496248124062,
    "perfect": 0.9759879939969985,
    "cell_acc_by_type": [
        -1,
        0.9993235692018116,
        1.0,
        -1,
        -1,
        -1,
        -1,
        -1,
        0.9989801121876594,
        -1,
        0.9759879939969985
    ],
    "cell_prec_by_type": [
        -1,
        0.9992941799253007,
        1.0,
        -1,
        -1,
        -1,
        -1,
        -1,
        1.0,
        -1,
        0.9759879939969985
    ],
    "num_agents_accuracy": 1.0,
    "agent_loc_accuracy": 0.9994997498749375
}