{
    "tracked_losses_train": [
        0.053983695805072784,
        0.05398135259747505,
        0.053982872515916824,
        0.053984977304935455,
        0.05398145318031311,
        0.05398184806108475,
        0.05398249626159668,
        0.05398140847682953,
        0.053982362151145935,
        0.05398283526301384,
        0.05398442968726158,
        0.05398372560739517,
        0.05398239195346832,
        0.05398234352469444,
        0.05398339033126831,
        0.05398128554224968,
        0.05398296192288399,
        0.05398204177618027,
        0.05398255214095116,
        0.053982995450496674
    ],
    "tracked_losses_test": [
        0.05401188135147095,
        0.05401232838630676,
        0.054013270884752274,
        0.05401588976383209,
        0.05400637164711952,
        0.05401163548231125,
        0.054007671773433685,
        0.05400710925459862,
        0.05400512367486954,
        0.054012712091207504,
        0.05400693044066429,
        0.054009873420000076,
        0.05401518940925598,
        0.05400603637099266,
        0.05401179566979408,
        0.054008085280656815,
        0.05401473492383957,
        0.05400524288415909,
        0.0540161058306694,
        0.05401165783405304
    ],
    "cell_acc": 0.015320160080040002,
    "perfect": 0.0,
    "cell_acc_by_type": [
        -1,
        0.028807128992412223,
        1.786607589504552e-05,
        -1,
        -1,
        -1,
        -1,
        -1,
        0.0,
        -1,
        0.0
    ],
    "cell_prec_by_type": [
        0.0,
        0.30845536136041574,
        0.33333333333333337,
        -1,
        -1,
        -1,
        -1,
        -1,
        -1,
        0.0,
        0.0
    ],
    "num_agents_accuracy": 0.0,
    "agent_loc_accuracy": 1.0
}