{
    "tracked_losses_train": [
        0.017074396833777428,
        0.017075417563319206,
        0.017075160518288612,
        0.01707410253584385,
        0.01707420125603676,
        0.01707467995584011,
        0.01707550510764122,
        0.0170757919549942,
        0.01707434467971325,
        0.017073797062039375,
        0.017075253650546074,
        0.0170751940459013,
        0.017075270414352417,
        0.0170744638890028,
        0.017073774710297585,
        0.017075393348932266,
        0.017074862495064735,
        0.017074039205908775,
        0.01707415282726288,
        0.017074381932616234,
        0.017074579373002052,
        0.017074663192033768,
        0.0170754287391901,
        0.017074545845389366,
        0.017074359580874443,
        0.01707378774881363,
        0.017073817551136017,
        0.017074117437005043,
        0.017075426876544952,
        0.0170748271048069,
        0.017074208706617355,
        0.01707455888390541,
        0.017075220122933388,
        0.01707388088107109,
        0.01707438938319683,
        0.017073979601264,
        0.01707485131919384,
        0.01707514561712742,
        0.01707557588815689,
        0.017073635011911392,
        0.017074286937713623,
        0.017074283212423325,
        0.01707513816654682,
        0.01707419753074646,
        0.01707477681338787,
        0.017075181007385254,
        0.01707463338971138,
        0.01707516238093376,
        0.017074650153517723,
        0.017074359580874443,
        0.017074735835194588,
        0.017073845490813255,
        0.017074566334486008,
        0.017074638977646828,
        0.017074869945645332,
        0.01707429625093937,
        0.017074543982744217,
        0.017073769122362137,
        0.01707434467971325,
        0.01707448437809944
    ],
    "tracked_losses_test": [
        0.016724063083529472,
        0.016720451414585114,
        0.016725914552807808,
        0.016729818657040596,
        0.01672629825770855,
        0.01672464609146118,
        0.01672578975558281,
        0.01672254502773285,
        0.01672912947833538,
        0.016721373423933983,
        0.01672705076634884,
        0.016729505732655525,
        0.0167284794151783,
        0.016725407913327217,
        0.016725923866033554,
        0.016726527363061905,
        0.01672716811299324,
        0.01672329194843769,
        0.01672724261879921,
        0.016729502007365227,
        0.016731426119804382,
        0.01672396995127201,
        0.016722412779927254,
        0.016725583001971245,
        0.01672721840441227,
        0.01672789454460144,
        0.016727793961763382,
        0.016724949702620506,
        0.016728123649954796,
        0.016731251031160355,
        0.016725506633520126,
        0.016726333647966385,
        0.0167256947606802,
        0.01672305352985859,
        0.016722504049539566,
        0.016738291829824448,
        0.01673095114529133,
        0.016726188361644745,
        0.01672356203198433,
        0.01672416739165783,
        0.016725406050682068,
        0.01673559844493866,
        0.016724688932299614,
        0.016728458926081657,
        0.016727393493056297,
        0.016726525500416756,
        0.01673423871397972,
        0.01672934927046299,
        0.016722839325666428,
        0.01672724261879921,
        0.01672586426138878,
        0.01673336885869503,
        0.01672363467514515,
        0.0167269017547369,
        0.01672055758535862,
        0.016726858913898468,
        0.016734862700104713,
        0.01672300323843956,
        0.016724267974495888,
        0.01672925427556038
    ],
    "cell_acc": 0.4100111280129861,
    "perfect": 0.0,
    "cell_acc_by_type": [
        0.7328222884934852,
        0.12038828360995146,
        0.0,
        -1,
        -1,
        -1,
        -1,
        -1,
        0.0,
        -1,
        -1
    ],
    "cell_prec_by_type": [
        0.5036382893849984,
        0.2328956007879186,
        0.0,
        -1,
        -1,
        -1,
        -1,
        -1,
        -1,
        0.0,
        0.0
    ]
}