{
    "tracked_losses_train": [
        0.01626817137002945,
        0.01626817137002945,
        0.01626817137002945,
        0.01626817137002945,
        0.01626817137002945,
        0.01626817137002945,
        0.01626817137002945,
        0.01626817137002945,
        0.01626817137002945,
        0.01626817137002945,
        0.01626817137002945,
        0.01626817137002945,
        0.01626817137002945,
        0.01626817137002945,
        0.01626817137002945,
        0.01626817137002945,
        0.01626817137002945,
        0.01626817137002945,
        0.01626817137002945,
        0.01626817137002945,
        0.01626817137002945,
        0.01626817137002945,
        0.01626817137002945,
        0.01626817137002945,
        0.01626817137002945,
        0.01626817137002945,
        0.01626817137002945,
        0.01626817137002945,
        0.01626817137002945,
        0.01626817137002945,
        0.01626817137002945,
        0.01626817137002945,
        0.01626817137002945,
        0.01626817137002945,
        0.01626817137002945,
        0.01626817137002945,
        0.01626817137002945,
        0.01626817137002945,
        0.01626817137002945,
        0.01626817137002945,
        0.01626817137002945,
        0.01626817137002945,
        0.01626817137002945,
        0.01626817137002945,
        0.01626817137002945,
        0.01626817137002945,
        0.01626817137002945,
        0.01626817137002945,
        0.01626817137002945,
        0.01626817137002945,
        0.01626817137002945,
        0.01626817137002945,
        0.01626817137002945,
        0.01626817137002945,
        0.01626817137002945,
        0.01626817137002945,
        0.01626817137002945,
        0.01626817137002945,
        0.01626817137002945,
        0.01626817137002945
    ],
    "tracked_losses_test": [
        0.015883656218647957,
        0.015883656218647957,
        0.015883656218647957,
        0.015883656218647957,
        0.015883656218647957,
        0.015883656218647957,
        0.015883656218647957,
        0.015883656218647957,
        0.015883656218647957,
        0.015883656218647957,
        0.015883656218647957,
        0.015883656218647957,
        0.015883656218647957,
        0.015883656218647957,
        0.015883656218647957,
        0.015883656218647957,
        0.015883656218647957,
        0.015883656218647957,
        0.015883656218647957,
        0.015883656218647957,
        0.015883656218647957,
        0.015883656218647957,
        0.015883656218647957,
        0.015883656218647957,
        0.015883656218647957,
        0.015883656218647957,
        0.015883656218647957,
        0.015883656218647957,
        0.015883656218647957,
        0.015883656218647957,
        0.015883656218647957,
        0.015883656218647957,
        0.015883656218647957,
        0.015883656218647957,
        0.015883656218647957,
        0.015883656218647957,
        0.015883656218647957,
        0.015883656218647957,
        0.015883656218647957,
        0.015883656218647957,
        0.015883656218647957,
        0.015883656218647957,
        0.015883656218647957,
        0.015883656218647957,
        0.015883656218647957,
        0.015883656218647957,
        0.015883656218647957,
        0.015883656218647957,
        0.015883656218647957,
        0.015883656218647957,
        0.015883656218647957,
        0.015883656218647957,
        0.015883656218647957,
        0.015883656218647957,
        0.015883656218647957,
        0.015883656218647957,
        0.015883656218647957,
        0.015883656218647957,
        0.015883656218647957,
        0.015883656218647957
    ],
    "cell_acc": 0.4085512143827016,
    "perfect": 0.0,
    "cell_acc_by_type": [
        0.7687088445449632,
        0.0546787496181651,
        0.0,
        -1,
        -1,
        -1,
        -1,
        -1,
        0.0,
        -1,
        -1
    ],
    "cell_prec_by_type": [
        0.4905359149892715,
        0.22032275711159732,
        -1,
        -1,
        -1,
        -1,
        -1,
        -1,
        -1,
        -1,
        0.0
    ]
}