{
    "explained_variance": [
        0.13501331210136414,
        0.11290604621171951,
        0.10375502705574036,
        0.075234554708004,
        0.05777547508478165,
        0.0525766983628273
    ],
    "cumulative_variance": [
        0.13501331210136414,
        0.24791935086250305,
        0.3516743779182434,
        0.426908940076828,
        0.48468440771102905,
        0.5372611284255981
    ]
}