{
    "explained_variance": [
        0.23097404837608337,
        0.16456949710845947,
        0.12430702149868011,
        0.053153399378061295,
        0.048332635313272476,
        0.03386589139699936
    ],
    "cumulative_variance": [
        0.23097404837608337,
        0.39554354548454285,
        0.5198505520820618,
        0.5730039477348328,
        0.6213365793228149,
        0.6552025079727173
    ]
}