{
    "explained_variance": [
        0.22788932919502258,
        0.12149832397699356,
        0.09461342543363571,
        0.08523129671812057,
        0.06773299723863602,
        0.058379463851451874
    ],
    "cumulative_variance": [
        0.22788932919502258,
        0.34938764572143555,
        0.44400107860565186,
        0.529232382774353,
        0.5969653725624084,
        0.6553448438644409
    ]
}