{
    "explained_variance": [
        0.1503288298845291,
        0.1315293312072754,
        0.11462273448705673,
        0.09811614453792572,
        0.07311242073774338,
        0.05641860514879227
    ],
    "cumulative_variance": [
        0.1503288298845291,
        0.2818581461906433,
        0.39648088812828064,
        0.49459704756736755,
        0.5677094459533691,
        0.6241280436515808
    ]
}