{
    "explained_variance": [
        0.03142089396715164,
        0.031163958832621574,
        0.03048555739223957,
        0.029695183038711548,
        0.029401477426290512,
        0.02855360321700573
    ],
    "cumulative_variance": [
        0.03142089396715164,
        0.06258485466241837,
        0.09307041019201279,
        0.12276559323072433,
        0.15216706693172455,
        0.18072067201137543
    ]
}