{
    "explained_variance": [
        0.19968591630458832,
        0.13692376017570496,
        0.12654192745685577,
        0.07824882119894028,
        0.07277817279100418,
        0.06338738650083542
    ],
    "cumulative_variance": [
        0.19968591630458832,
        0.3366096615791321,
        0.46315160393714905,
        0.5414004325866699,
        0.6141785979270935,
        0.6775659918785095
    ]
}