{
    "explained_variance": [
        0.23074011504650116,
        0.13242033123970032,
        0.1136779636144638,
        0.07964961230754852,
        0.07590626925230026,
        0.05249783396720886
    ],
    "cumulative_variance": [
        0.23074011504650116,
        0.3631604313850403,
        0.4768384099006653,
        0.556488037109375,
        0.6323943138122559,
        0.6848921179771423
    ]
}