{
    "explained_variance": [
        0.32551687955856323,
        0.21405310928821564,
        0.14226779341697693,
        0.10164808481931686,
        0.06950129568576813,
        0.032186731696128845
    ],
    "cumulative_variance": [
        0.32551687955856323,
        0.5395699739456177,
        0.681837797164917,
        0.7834858894348145,
        0.8529871702194214,
        0.8851739168167114
    ]
}