{
    "explained_variance": [
        0.29177823662757874,
        0.21566477417945862,
        0.15841543674468994,
        0.11290508508682251,
        0.1050691232085228,
        0.03701980784535408
    ],
    "cumulative_variance": [
        0.29177823662757874,
        0.5074430108070374,
        0.6658584475517273,
        0.7787635326385498,
        0.8838326334953308,
        0.9208524823188782
    ]
}