{
    "explained_variance": [
        0.2918868660926819,
        0.1380956918001175,
        0.11767776310443878,
        0.08014553040266037,
        0.049492523074150085,
        0.040070924907922745
    ],
    "cumulative_variance": [
        0.2918868660926819,
        0.4299825429916382,
        0.5476603507995605,
        0.6278058290481567,
        0.677298367023468,
        0.7173693180084229
    ]
}