{
    "explained_variance": [
        0.2525349259376526,
        0.16113334894180298,
        0.09159442037343979,
        0.07126368582248688,
        0.04421994835138321,
        0.042051609605550766
    ],
    "cumulative_variance": [
        0.2525349259376526,
        0.41366827487945557,
        0.5052626729011536,
        0.576526403427124,
        0.6207463145256042,
        0.6627979278564453
    ]
}