{
    "explained_variance": [
        0.2634327709674835,
        0.14429432153701782,
        0.09502451121807098,
        0.06488258391618729,
        0.0482909269630909,
        0.04700959473848343
    ],
    "cumulative_variance": [
        0.2634327709674835,
        0.40772709250450134,
        0.5027515888214111,
        0.5676341652870178,
        0.615925133228302,
        0.6629347205162048
    ]
}