{
    "explained_variance": [
        0.2799511253833771,
        0.19192364811897278,
        0.08341643214225769,
        0.06197692081332207,
        0.05274789780378342,
        0.03630923479795456
    ],
    "cumulative_variance": [
        0.2799511253833771,
        0.47187477350234985,
        0.5552911758422852,
        0.6172681450843811,
        0.6700160503387451,
        0.7063252329826355
    ]
}