{
    "explained_variance": [
        0.2720918357372284,
        0.17239604890346527,
        0.14822892844676971,
        0.1187388226389885,
        0.08072108030319214,
        0.055721357464790344
    ],
    "cumulative_variance": [
        0.2720918357372284,
        0.44448786973953247,
        0.5927168130874634,
        0.7114556431770325,
        0.7921767234802246,
        0.8478980660438538
    ]
}