{
    "explained_variance": [
        0.10902056843042374,
        0.09586364775896072,
        0.0796201229095459,
        0.06802994012832642,
        0.060515012592077255,
        0.04483307898044586
    ],
    "cumulative_variance": [
        0.10902056843042374,
        0.20488421618938446,
        0.28450435400009155,
        0.35253429412841797,
        0.41304928064346313,
        0.4578823745250702
    ]
}