{
    "explained_variance": [
        0.23097369074821472,
        0.164576917886734,
        0.1234913319349289,
        0.05292767286300659,
        0.04515494406223297,
        0.03449466452002525
    ],
    "cumulative_variance": [
        0.23097369074821472,
        0.39555060863494873,
        0.5190419554710388,
        0.5719696283340454,
        0.6171245574951172,
        0.6516191959381104
    ]
}