{
    "position": {
        "metric": 0.1673336625099182,
        "metric_name": "accuracy",
        "tracked_losses_test": [
            14.44277286529541,
            12.267428398132324,
            9.348820686340332,
            6.359758377075195,
            4.309728145599365,
            3.492131233215332,
            3.3296756744384766,
            3.3204593658447266,
            3.3246850967407227,
            3.327056884765625,
            3.327802896499634,
            3.3276093006134033,
            3.3268849849700928,
            3.3258659839630127,
            3.324688673019409,
            3.3234310150146484,
            3.322133779525757,
            3.3208234310150146,
            3.319509983062744,
            3.318202257156372
        ]
    },
    "L2_dist_center": {
        "metric": 0.9667816758155823,
        "metric_name": "mse",
        "tracked_losses_test": [
            5.809089660644531,
            5.010010719299316,
            4.004828929901123,
            2.9069976806640625,
            1.9624487161636353,
            1.3464275598526,
            1.0615639686584473,
            0.977409303188324,
            0.9652993083000183,
            0.9666508436203003,
            0.9679372906684875,
            0.9682756662368774,
            0.9682130217552185,
            0.9680334329605103,
            0.9678265452384949,
            0.9676150679588318,
            0.9674040079116821,
            0.9671946167945862,
            0.9669870734214783,
            0.9667816758155823
        ]
    },
    "head_direction": {
        "metric": 0.7528764605522156,
        "metric_name": "accuracy",
        "tracked_losses_test": [
            0.18775300681591034,
            0.18737033009529114,
            0.1870887726545334,
            0.18680886924266815,
            0.18652190268039703,
            0.18617266416549683,
            0.1857740432024002,
            0.18530699610710144,
            0.1847630888223648,
            0.18415822088718414,
            0.1834813952445984,
            0.18273434042930603,
            0.18193462491035461,
            0.18110612034797668,
            0.18027544021606445,
            0.1794693022966385,
            0.17867663502693176,
            0.1779213547706604,
            0.17718884348869324,
            0.17648233473300934
        ]
    }
}