{
    "explained_variance": [
        0.20757697522640228,
        0.12138743698596954,
        0.09526357054710388,
        0.07648787647485733,
        0.06339331716299057,
        0.03860731050372124
    ],
    "cumulative_variance": [
        0.20757697522640228,
        0.3289644122123718,
        0.4242279827594757,
        0.5007158517837524,
        0.564109206199646,
        0.6027165055274963
    ]
}