{
    "explained_variance": [
        0.285656601190567,
        0.22424331307411194,
        0.14869146049022675,
        0.11108792573213577,
        0.061153165996074677,
        0.055839743465185165
    ],
    "cumulative_variance": [
        0.285656601190567,
        0.509899914264679,
        0.6585913896560669,
        0.7696793079376221,
        0.8308324813842773,
        0.8866721987724304
    ]
}