{
    "explained_variance": [
        0.3700549602508545,
        0.1924355924129486,
        0.14000272750854492,
        0.08685239404439926,
        0.050737414509058,
        0.03992031514644623
    ],
    "cumulative_variance": [
        0.3700549602508545,
        0.5624905824661255,
        0.7024933099746704,
        0.7893456816673279,
        0.8400830626487732,
        0.8800033926963806
    ]
}